,period,timestep,objective,stores,generators
0,2025,2025-02-26 00:00:00,13.035714285714286,1.0,13.035714285714286
1,2025,2025-02-26 01:00:00,13.035714285714286,1.0,13.035714285714286
2,2025,2025-02-26 02:00:00,13.035714285714286,1.0,13.035714285714286
3,2025,2025-02-26 03:00:00,13.035714285714286,1.0,13.035714285714286
4,2025,2025-02-26 04:00:00,13.035714285714286,1.0,13.035714285714286
5,2025,2025-02-26 05:00:00,13.035714285714286,1.0,13.035714285714286
6,2025,2025-02-26 06:00:00,13.035714285714286,1.0,13.035714285714286
7,2025,2025-02-26 07:00:00,13.035714285714286,1.0,13.035714285714286
8,2025,2025-02-26 08:00:00,13.035714285714286,1.0,13.035714285714286
9,2025,2025-02-26 09:00:00,13.035714285714286,1.0,13.035714285714286
10,2025,2025-02-26 10:00:00,13.035714285714286,1.0,13.035714285714286
11,2025,2025-02-26 11:00:00,13.035714285714286,1.0,13.035714285714286
12,2025,2025-02-26 12:00:00,13.035714285714286,1.0,13.035714285714286
13,2025,2025-02-26 13:00:00,13.035714285714286,1.0,13.035714285714286
14,2025,2025-02-26 14:00:00,13.035714285714286,1.0,13.035714285714286
15,2025,2025-02-26 15:00:00,13.035714285714286,1.0,13.035714285714286
16,2025,2025-02-26 16:00:00,13.035714285714286,1.0,13.035714285714286
17,2025,2025-02-26 17:00:00,13.035714285714286,1.0,13.035714285714286
18,2025,2025-02-26 18:00:00,13.035714285714286,1.0,13.035714285714286
19,2025,2025-02-26 19:00:00,13.035714285714286,1.0,13.035714285714286
20,2025,2025-02-26 20:00:00,13.035714285714286,1.0,13.035714285714286
21,2025,2025-02-26 21:00:00,13.035714285714286,1.0,13.035714285714286
22,2025,2025-02-26 22:00:00,13.035714285714286,1.0,13.035714285714286
23,2025,2025-02-26 23:00:00,13.035714285714286,1.0,13.035714285714286
24,2025,2025-02-27 00:00:00,13.035714285714286,1.0,13.035714285714286
25,2025,2025-02-27 01:00:00,13.035714285714286,1.0,13.035714285714286
26,2025,2025-02-27 02:00:00,13.035714285714286,1.0,13.035714285714286
27,2025,2025-02-27 03:00:00,13.035714285714286,1.0,13.035714285714286
28,2025,2025-02-27 04:00:00,13.035714285714286,1.0,13.035714285714286
29,2025,2025-02-27 05:00:00,13.035714285714286,1.0,13.035714285714286
30,2025,2025-02-27 06:00:00,13.035714285714286,1.0,13.035714285714286
31,2025,2025-02-27 07:00:00,13.035714285714286,1.0,13.035714285714286
32,2025,2025-02-27 08:00:00,13.035714285714286,1.0,13.035714285714286
33,2025,2025-02-27 09:00:00,13.035714285714286,1.0,13.035714285714286
34,2025,2025-02-27 10:00:00,13.035714285714286,1.0,13.035714285714286
35,2025,2025-02-27 11:00:00,13.035714285714286,1.0,13.035714285714286
36,2025,2025-02-27 12:00:00,13.035714285714286,1.0,13.035714285714286
37,2025,2025-02-27 13:00:00,13.035714285714286,1.0,13.035714285714286
38,2025,2025-02-27 14:00:00,13.035714285714286,1.0,13.035714285714286
39,2025,2025-02-27 15:00:00,13.035714285714286,1.0,13.035714285714286
40,2025,2025-02-27 16:00:00,13.035714285714286,1.0,13.035714285714286
41,2025,2025-02-27 17:00:00,13.035714285714286,1.0,13.035714285714286
42,2025,2025-02-27 18:00:00,13.035714285714286,1.0,13.035714285714286
43,2025,2025-02-27 19:00:00,13.035714285714286,1.0,13.035714285714286
44,2025,2025-02-27 20:00:00,13.035714285714286,1.0,13.035714285714286
45,2025,2025-02-27 21:00:00,13.035714285714286,1.0,13.035714285714286
46,2025,2025-02-27 22:00:00,13.035714285714286,1.0,13.035714285714286
47,2025,2025-02-27 23:00:00,13.035714285714286,1.0,13.035714285714286
48,2025,2025-02-28 00:00:00,13.035714285714286,1.0,13.035714285714286
49,2025,2025-02-28 01:00:00,13.035714285714286,1.0,13.035714285714286
50,2025,2025-02-28 02:00:00,13.035714285714286,1.0,13.035714285714286
51,2025,2025-02-28 03:00:00,13.035714285714286,1.0,13.035714285714286
52,2025,2025-02-28 04:00:00,13.035714285714286,1.0,13.035714285714286
53,2025,2025-02-28 05:00:00,13.035714285714286,1.0,13.035714285714286
54,2025,2025-02-28 06:00:00,13.035714285714286,1.0,13.035714285714286
55,2025,2025-02-28 07:00:00,13.035714285714286,1.0,13.035714285714286
56,2025,2025-02-28 08:00:00,13.035714285714286,1.0,13.035714285714286
57,2025,2025-02-28 09:00:00,13.035714285714286,1.0,13.035714285714286
58,2025,2025-02-28 10:00:00,13.035714285714286,1.0,13.035714285714286
59,2025,2025-02-28 11:00:00,13.035714285714286,1.0,13.035714285714286
60,2025,2025-02-28 12:00:00,13.035714285714286,1.0,13.035714285714286
61,2025,2025-02-28 13:00:00,13.035714285714286,1.0,13.035714285714286
62,2025,2025-02-28 14:00:00,13.035714285714286,1.0,13.035714285714286
63,2025,2025-02-28 15:00:00,13.035714285714286,1.0,13.035714285714286
64,2025,2025-02-28 16:00:00,13.035714285714286,1.0,13.035714285714286
65,2025,2025-02-28 17:00:00,13.035714285714286,1.0,13.035714285714286
66,2025,2025-02-28 18:00:00,13.035714285714286,1.0,13.035714285714286
67,2025,2025-02-28 19:00:00,13.035714285714286,1.0,13.035714285714286
68,2025,2025-02-28 20:00:00,13.035714285714286,1.0,13.035714285714286
69,2025,2025-02-28 21:00:00,13.035714285714286,1.0,13.035714285714286
70,2025,2025-02-28 22:00:00,13.035714285714286,1.0,13.035714285714286
71,2025,2025-02-28 23:00:00,13.035714285714286,1.0,13.035714285714286
72,2025,2025-03-01 00:00:00,13.035714285714286,1.0,13.035714285714286
73,2025,2025-03-01 01:00:00,13.035714285714286,1.0,13.035714285714286
74,2025,2025-03-01 02:00:00,13.035714285714286,1.0,13.035714285714286
75,2025,2025-03-01 03:00:00,13.035714285714286,1.0,13.035714285714286
76,2025,2025-03-01 04:00:00,13.035714285714286,1.0,13.035714285714286
77,2025,2025-03-01 05:00:00,13.035714285714286,1.0,13.035714285714286
78,2025,2025-03-01 06:00:00,13.035714285714286,1.0,13.035714285714286
79,2025,2025-03-01 07:00:00,13.035714285714286,1.0,13.035714285714286
80,2025,2025-03-01 08:00:00,13.035714285714286,1.0,13.035714285714286
81,2025,2025-03-01 09:00:00,13.035714285714286,1.0,13.035714285714286
82,2025,2025-03-01 10:00:00,13.035714285714286,1.0,13.035714285714286
83,2025,2025-03-01 11:00:00,13.035714285714286,1.0,13.035714285714286
84,2025,2025-03-01 12:00:00,13.035714285714286,1.0,13.035714285714286
85,2025,2025-03-01 13:00:00,13.035714285714286,1.0,13.035714285714286
86,2025,2025-03-01 14:00:00,13.035714285714286,1.0,13.035714285714286
87,2025,2025-03-01 15:00:00,13.035714285714286,1.0,13.035714285714286
88,2025,2025-03-01 16:00:00,13.035714285714286,1.0,13.035714285714286
89,2025,2025-03-01 17:00:00,13.035714285714286,1.0,13.035714285714286
90,2025,2025-03-01 18:00:00,13.035714285714286,1.0,13.035714285714286
91,2025,2025-03-01 19:00:00,13.035714285714286,1.0,13.035714285714286
92,2025,2025-03-01 20:00:00,13.035714285714286,1.0,13.035714285714286
93,2025,2025-03-01 21:00:00,13.035714285714286,1.0,13.035714285714286
94,2025,2025-03-01 22:00:00,13.035714285714286,1.0,13.035714285714286
95,2025,2025-03-01 23:00:00,13.035714285714286,1.0,13.035714285714286
96,2025,2025-03-02 00:00:00,13.035714285714286,1.0,13.035714285714286
97,2025,2025-03-02 01:00:00,13.035714285714286,1.0,13.035714285714286
98,2025,2025-03-02 02:00:00,13.035714285714286,1.0,13.035714285714286
99,2025,2025-03-02 03:00:00,13.035714285714286,1.0,13.035714285714286
100,2025,2025-03-02 04:00:00,13.035714285714286,1.0,13.035714285714286
101,2025,2025-03-02 05:00:00,13.035714285714286,1.0,13.035714285714286
102,2025,2025-03-02 06:00:00,13.035714285714286,1.0,13.035714285714286
103,2025,2025-03-02 07:00:00,13.035714285714286,1.0,13.035714285714286
104,2025,2025-03-02 08:00:00,13.035714285714286,1.0,13.035714285714286
105,2025,2025-03-02 09:00:00,13.035714285714286,1.0,13.035714285714286
106,2025,2025-03-02 10:00:00,13.035714285714286,1.0,13.035714285714286
107,2025,2025-03-02 11:00:00,13.035714285714286,1.0,13.035714285714286
108,2025,2025-03-02 12:00:00,13.035714285714286,1.0,13.035714285714286
109,2025,2025-03-02 13:00:00,13.035714285714286,1.0,13.035714285714286
110,2025,2025-03-02 14:00:00,13.035714285714286,1.0,13.035714285714286
111,2025,2025-03-02 15:00:00,13.035714285714286,1.0,13.035714285714286
112,2025,2025-03-02 16:00:00,13.035714285714286,1.0,13.035714285714286
113,2025,2025-03-02 17:00:00,13.035714285714286,1.0,13.035714285714286
114,2025,2025-03-02 18:00:00,13.035714285714286,1.0,13.035714285714286
115,2025,2025-03-02 19:00:00,13.035714285714286,1.0,13.035714285714286
116,2025,2025-03-02 20:00:00,13.035714285714286,1.0,13.035714285714286
117,2025,2025-03-02 21:00:00,13.035714285714286,1.0,13.035714285714286
118,2025,2025-03-02 22:00:00,13.035714285714286,1.0,13.035714285714286
119,2025,2025-03-02 23:00:00,13.035714285714286,1.0,13.035714285714286
120,2025,2025-03-03 00:00:00,13.035714285714286,1.0,13.035714285714286
121,2025,2025-03-03 01:00:00,13.035714285714286,1.0,13.035714285714286
122,2025,2025-03-03 02:00:00,13.035714285714286,1.0,13.035714285714286
123,2025,2025-03-03 03:00:00,13.035714285714286,1.0,13.035714285714286
124,2025,2025-03-03 04:00:00,13.035714285714286,1.0,13.035714285714286
125,2025,2025-03-03 05:00:00,13.035714285714286,1.0,13.035714285714286
126,2025,2025-03-03 06:00:00,13.035714285714286,1.0,13.035714285714286
127,2025,2025-03-03 07:00:00,13.035714285714286,1.0,13.035714285714286
128,2025,2025-03-03 08:00:00,13.035714285714286,1.0,13.035714285714286
129,2025,2025-03-03 09:00:00,13.035714285714286,1.0,13.035714285714286
130,2025,2025-03-03 10:00:00,13.035714285714286,1.0,13.035714285714286
131,2025,2025-03-03 11:00:00,13.035714285714286,1.0,13.035714285714286
132,2025,2025-03-03 12:00:00,13.035714285714286,1.0,13.035714285714286
133,2025,2025-03-03 13:00:00,13.035714285714286,1.0,13.035714285714286
134,2025,2025-03-03 14:00:00,13.035714285714286,1.0,13.035714285714286
135,2025,2025-03-03 15:00:00,13.035714285714286,1.0,13.035714285714286
136,2025,2025-03-03 16:00:00,13.035714285714286,1.0,13.035714285714286
137,2025,2025-03-03 17:00:00,13.035714285714286,1.0,13.035714285714286
138,2025,2025-03-03 18:00:00,13.035714285714286,1.0,13.035714285714286
139,2025,2025-03-03 19:00:00,13.035714285714286,1.0,13.035714285714286
140,2025,2025-03-03 20:00:00,13.035714285714286,1.0,13.035714285714286
141,2025,2025-03-03 21:00:00,13.035714285714286,1.0,13.035714285714286
142,2025,2025-03-03 22:00:00,13.035714285714286,1.0,13.035714285714286
143,2025,2025-03-03 23:00:00,13.035714285714286,1.0,13.035714285714286
144,2025,2025-03-04 00:00:00,13.035714285714286,1.0,13.035714285714286
145,2025,2025-03-04 01:00:00,13.035714285714286,1.0,13.035714285714286
146,2025,2025-03-04 02:00:00,13.035714285714286,1.0,13.035714285714286
147,2025,2025-03-04 03:00:00,13.035714285714286,1.0,13.035714285714286
148,2025,2025-03-04 04:00:00,13.035714285714286,1.0,13.035714285714286
149,2025,2025-03-04 05:00:00,13.035714285714286,1.0,13.035714285714286
150,2025,2025-03-04 06:00:00,13.035714285714286,1.0,13.035714285714286
151,2025,2025-03-04 07:00:00,13.035714285714286,1.0,13.035714285714286
152,2025,2025-03-04 08:00:00,13.035714285714286,1.0,13.035714285714286
153,2025,2025-03-04 09:00:00,13.035714285714286,1.0,13.035714285714286
154,2025,2025-03-04 10:00:00,13.035714285714286,1.0,13.035714285714286
155,2025,2025-03-04 11:00:00,13.035714285714286,1.0,13.035714285714286
156,2025,2025-03-04 12:00:00,13.035714285714286,1.0,13.035714285714286
157,2025,2025-03-04 13:00:00,13.035714285714286,1.0,13.035714285714286
158,2025,2025-03-04 14:00:00,13.035714285714286,1.0,13.035714285714286
159,2025,2025-03-04 15:00:00,13.035714285714286,1.0,13.035714285714286
160,2025,2025-03-04 16:00:00,13.035714285714286,1.0,13.035714285714286
161,2025,2025-03-04 17:00:00,13.035714285714286,1.0,13.035714285714286
162,2025,2025-03-04 18:00:00,13.035714285714286,1.0,13.035714285714286
163,2025,2025-03-04 19:00:00,13.035714285714286,1.0,13.035714285714286
164,2025,2025-03-04 20:00:00,13.035714285714286,1.0,13.035714285714286
165,2025,2025-03-04 21:00:00,13.035714285714286,1.0,13.035714285714286
166,2025,2025-03-04 22:00:00,13.035714285714286,1.0,13.035714285714286
167,2025,2025-03-04 23:00:00,13.035714285714286,1.0,13.035714285714286
168,2025,2025-05-14 00:00:00,13.035714285714286,1.0,13.035714285714286
169,2025,2025-05-14 01:00:00,13.035714285714286,1.0,13.035714285714286
170,2025,2025-05-14 02:00:00,13.035714285714286,1.0,13.035714285714286
171,2025,2025-05-14 03:00:00,13.035714285714286,1.0,13.035714285714286
172,2025,2025-05-14 04:00:00,13.035714285714286,1.0,13.035714285714286
173,2025,2025-05-14 05:00:00,13.035714285714286,1.0,13.035714285714286
174,2025,2025-05-14 06:00:00,13.035714285714286,1.0,13.035714285714286
175,2025,2025-05-14 07:00:00,13.035714285714286,1.0,13.035714285714286
176,2025,2025-05-14 08:00:00,13.035714285714286,1.0,13.035714285714286
177,2025,2025-05-14 09:00:00,13.035714285714286,1.0,13.035714285714286
178,2025,2025-05-14 10:00:00,13.035714285714286,1.0,13.035714285714286
179,2025,2025-05-14 11:00:00,13.035714285714286,1.0,13.035714285714286
180,2025,2025-05-14 12:00:00,13.035714285714286,1.0,13.035714285714286
181,2025,2025-05-14 13:00:00,13.035714285714286,1.0,13.035714285714286
182,2025,2025-05-14 14:00:00,13.035714285714286,1.0,13.035714285714286
183,2025,2025-05-14 15:00:00,13.035714285714286,1.0,13.035714285714286
184,2025,2025-05-14 16:00:00,13.035714285714286,1.0,13.035714285714286
185,2025,2025-05-14 17:00:00,13.035714285714286,1.0,13.035714285714286
186,2025,2025-05-14 18:00:00,13.035714285714286,1.0,13.035714285714286
187,2025,2025-05-14 19:00:00,13.035714285714286,1.0,13.035714285714286
188,2025,2025-05-14 20:00:00,13.035714285714286,1.0,13.035714285714286
189,2025,2025-05-14 21:00:00,13.035714285714286,1.0,13.035714285714286
190,2025,2025-05-14 22:00:00,13.035714285714286,1.0,13.035714285714286
191,2025,2025-05-14 23:00:00,13.035714285714286,1.0,13.035714285714286
192,2025,2025-05-15 00:00:00,13.035714285714286,1.0,13.035714285714286
193,2025,2025-05-15 01:00:00,13.035714285714286,1.0,13.035714285714286
194,2025,2025-05-15 02:00:00,13.035714285714286,1.0,13.035714285714286
195,2025,2025-05-15 03:00:00,13.035714285714286,1.0,13.035714285714286
196,2025,2025-05-15 04:00:00,13.035714285714286,1.0,13.035714285714286
197,2025,2025-05-15 05:00:00,13.035714285714286,1.0,13.035714285714286
198,2025,2025-05-15 06:00:00,13.035714285714286,1.0,13.035714285714286
199,2025,2025-05-15 07:00:00,13.035714285714286,1.0,13.035714285714286
200,2025,2025-05-15 08:00:00,13.035714285714286,1.0,13.035714285714286
201,2025,2025-05-15 09:00:00,13.035714285714286,1.0,13.035714285714286
202,2025,2025-05-15 10:00:00,13.035714285714286,1.0,13.035714285714286
203,2025,2025-05-15 11:00:00,13.035714285714286,1.0,13.035714285714286
204,2025,2025-05-15 12:00:00,13.035714285714286,1.0,13.035714285714286
205,2025,2025-05-15 13:00:00,13.035714285714286,1.0,13.035714285714286
206,2025,2025-05-15 14:00:00,13.035714285714286,1.0,13.035714285714286
207,2025,2025-05-15 15:00:00,13.035714285714286,1.0,13.035714285714286
208,2025,2025-05-15 16:00:00,13.035714285714286,1.0,13.035714285714286
209,2025,2025-05-15 17:00:00,13.035714285714286,1.0,13.035714285714286
210,2025,2025-05-15 18:00:00,13.035714285714286,1.0,13.035714285714286
211,2025,2025-05-15 19:00:00,13.035714285714286,1.0,13.035714285714286
212,2025,2025-05-15 20:00:00,13.035714285714286,1.0,13.035714285714286
213,2025,2025-05-15 21:00:00,13.035714285714286,1.0,13.035714285714286
214,2025,2025-05-15 22:00:00,13.035714285714286,1.0,13.035714285714286
215,2025,2025-05-15 23:00:00,13.035714285714286,1.0,13.035714285714286
216,2025,2025-05-16 00:00:00,13.035714285714286,1.0,13.035714285714286
217,2025,2025-05-16 01:00:00,13.035714285714286,1.0,13.035714285714286
218,2025,2025-05-16 02:00:00,13.035714285714286,1.0,13.035714285714286
219,2025,2025-05-16 03:00:00,13.035714285714286,1.0,13.035714285714286
220,2025,2025-05-16 04:00:00,13.035714285714286,1.0,13.035714285714286
221,2025,2025-05-16 05:00:00,13.035714285714286,1.0,13.035714285714286
222,2025,2025-05-16 06:00:00,13.035714285714286,1.0,13.035714285714286
223,2025,2025-05-16 07:00:00,13.035714285714286,1.0,13.035714285714286
224,2025,2025-05-16 08:00:00,13.035714285714286,1.0,13.035714285714286
225,2025,2025-05-16 09:00:00,13.035714285714286,1.0,13.035714285714286
226,2025,2025-05-16 10:00:00,13.035714285714286,1.0,13.035714285714286
227,2025,2025-05-16 11:00:00,13.035714285714286,1.0,13.035714285714286
228,2025,2025-05-16 12:00:00,13.035714285714286,1.0,13.035714285714286
229,2025,2025-05-16 13:00:00,13.035714285714286,1.0,13.035714285714286
230,2025,2025-05-16 14:00:00,13.035714285714286,1.0,13.035714285714286
231,2025,2025-05-16 15:00:00,13.035714285714286,1.0,13.035714285714286
232,2025,2025-05-16 16:00:00,13.035714285714286,1.0,13.035714285714286
233,2025,2025-05-16 17:00:00,13.035714285714286,1.0,13.035714285714286
234,2025,2025-05-16 18:00:00,13.035714285714286,1.0,13.035714285714286
235,2025,2025-05-16 19:00:00,13.035714285714286,1.0,13.035714285714286
236,2025,2025-05-16 20:00:00,13.035714285714286,1.0,13.035714285714286
237,2025,2025-05-16 21:00:00,13.035714285714286,1.0,13.035714285714286
238,2025,2025-05-16 22:00:00,13.035714285714286,1.0,13.035714285714286
239,2025,2025-05-16 23:00:00,13.035714285714286,1.0,13.035714285714286
240,2025,2025-05-17 00:00:00,13.035714285714286,1.0,13.035714285714286
241,2025,2025-05-17 01:00:00,13.035714285714286,1.0,13.035714285714286
242,2025,2025-05-17 02:00:00,13.035714285714286,1.0,13.035714285714286
243,2025,2025-05-17 03:00:00,13.035714285714286,1.0,13.035714285714286
244,2025,2025-05-17 04:00:00,13.035714285714286,1.0,13.035714285714286
245,2025,2025-05-17 05:00:00,13.035714285714286,1.0,13.035714285714286
246,2025,2025-05-17 06:00:00,13.035714285714286,1.0,13.035714285714286
247,2025,2025-05-17 07:00:00,13.035714285714286,1.0,13.035714285714286
248,2025,2025-05-17 08:00:00,13.035714285714286,1.0,13.035714285714286
249,2025,2025-05-17 09:00:00,13.035714285714286,1.0,13.035714285714286
250,2025,2025-05-17 10:00:00,13.035714285714286,1.0,13.035714285714286
251,2025,2025-05-17 11:00:00,13.035714285714286,1.0,13.035714285714286
252,2025,2025-05-17 12:00:00,13.035714285714286,1.0,13.035714285714286
253,2025,2025-05-17 13:00:00,13.035714285714286,1.0,13.035714285714286
254,2025,2025-05-17 14:00:00,13.035714285714286,1.0,13.035714285714286
255,2025,2025-05-17 15:00:00,13.035714285714286,1.0,13.035714285714286
256,2025,2025-05-17 16:00:00,13.035714285714286,1.0,13.035714285714286
257,2025,2025-05-17 17:00:00,13.035714285714286,1.0,13.035714285714286
258,2025,2025-05-17 18:00:00,13.035714285714286,1.0,13.035714285714286
259,2025,2025-05-17 19:00:00,13.035714285714286,1.0,13.035714285714286
260,2025,2025-05-17 20:00:00,13.035714285714286,1.0,13.035714285714286
261,2025,2025-05-17 21:00:00,13.035714285714286,1.0,13.035714285714286
262,2025,2025-05-17 22:00:00,13.035714285714286,1.0,13.035714285714286
263,2025,2025-05-17 23:00:00,13.035714285714286,1.0,13.035714285714286
264,2025,2025-05-18 00:00:00,13.035714285714286,1.0,13.035714285714286
265,2025,2025-05-18 01:00:00,13.035714285714286,1.0,13.035714285714286
266,2025,2025-05-18 02:00:00,13.035714285714286,1.0,13.035714285714286
267,2025,2025-05-18 03:00:00,13.035714285714286,1.0,13.035714285714286
268,2025,2025-05-18 04:00:00,13.035714285714286,1.0,13.035714285714286
269,2025,2025-05-18 05:00:00,13.035714285714286,1.0,13.035714285714286
270,2025,2025-05-18 06:00:00,13.035714285714286,1.0,13.035714285714286
271,2025,2025-05-18 07:00:00,13.035714285714286,1.0,13.035714285714286
272,2025,2025-05-18 08:00:00,13.035714285714286,1.0,13.035714285714286
273,2025,2025-05-18 09:00:00,13.035714285714286,1.0,13.035714285714286
274,2025,2025-05-18 10:00:00,13.035714285714286,1.0,13.035714285714286
275,2025,2025-05-18 11:00:00,13.035714285714286,1.0,13.035714285714286
276,2025,2025-05-18 12:00:00,13.035714285714286,1.0,13.035714285714286
277,2025,2025-05-18 13:00:00,13.035714285714286,1.0,13.035714285714286
278,2025,2025-05-18 14:00:00,13.035714285714286,1.0,13.035714285714286
279,2025,2025-05-18 15:00:00,13.035714285714286,1.0,13.035714285714286
280,2025,2025-05-18 16:00:00,13.035714285714286,1.0,13.035714285714286
281,2025,2025-05-18 17:00:00,13.035714285714286,1.0,13.035714285714286
282,2025,2025-05-18 18:00:00,13.035714285714286,1.0,13.035714285714286
283,2025,2025-05-18 19:00:00,13.035714285714286,1.0,13.035714285714286
284,2025,2025-05-18 20:00:00,13.035714285714286,1.0,13.035714285714286
285,2025,2025-05-18 21:00:00,13.035714285714286,1.0,13.035714285714286
286,2025,2025-05-18 22:00:00,13.035714285714286,1.0,13.035714285714286
287,2025,2025-05-18 23:00:00,13.035714285714286,1.0,13.035714285714286
288,2025,2025-05-19 00:00:00,13.035714285714286,1.0,13.035714285714286
289,2025,2025-05-19 01:00:00,13.035714285714286,1.0,13.035714285714286
290,2025,2025-05-19 02:00:00,13.035714285714286,1.0,13.035714285714286
291,2025,2025-05-19 03:00:00,13.035714285714286,1.0,13.035714285714286
292,2025,2025-05-19 04:00:00,13.035714285714286,1.0,13.035714285714286
293,2025,2025-05-19 05:00:00,13.035714285714286,1.0,13.035714285714286
294,2025,2025-05-19 06:00:00,13.035714285714286,1.0,13.035714285714286
295,2025,2025-05-19 07:00:00,13.035714285714286,1.0,13.035714285714286
296,2025,2025-05-19 08:00:00,13.035714285714286,1.0,13.035714285714286
297,2025,2025-05-19 09:00:00,13.035714285714286,1.0,13.035714285714286
298,2025,2025-05-19 10:00:00,13.035714285714286,1.0,13.035714285714286
299,2025,2025-05-19 11:00:00,13.035714285714286,1.0,13.035714285714286
300,2025,2025-05-19 12:00:00,13.035714285714286,1.0,13.035714285714286
301,2025,2025-05-19 13:00:00,13.035714285714286,1.0,13.035714285714286
302,2025,2025-05-19 14:00:00,13.035714285714286,1.0,13.035714285714286
303,2025,2025-05-19 15:00:00,13.035714285714286,1.0,13.035714285714286
304,2025,2025-05-19 16:00:00,13.035714285714286,1.0,13.035714285714286
305,2025,2025-05-19 17:00:00,13.035714285714286,1.0,13.035714285714286
306,2025,2025-05-19 18:00:00,13.035714285714286,1.0,13.035714285714286
307,2025,2025-05-19 19:00:00,13.035714285714286,1.0,13.035714285714286
308,2025,2025-05-19 20:00:00,13.035714285714286,1.0,13.035714285714286
309,2025,2025-05-19 21:00:00,13.035714285714286,1.0,13.035714285714286
310,2025,2025-05-19 22:00:00,13.035714285714286,1.0,13.035714285714286
311,2025,2025-05-19 23:00:00,13.035714285714286,1.0,13.035714285714286
312,2025,2025-05-20 00:00:00,13.035714285714286,1.0,13.035714285714286
313,2025,2025-05-20 01:00:00,13.035714285714286,1.0,13.035714285714286
314,2025,2025-05-20 02:00:00,13.035714285714286,1.0,13.035714285714286
315,2025,2025-05-20 03:00:00,13.035714285714286,1.0,13.035714285714286
316,2025,2025-05-20 04:00:00,13.035714285714286,1.0,13.035714285714286
317,2025,2025-05-20 05:00:00,13.035714285714286,1.0,13.035714285714286
318,2025,2025-05-20 06:00:00,13.035714285714286,1.0,13.035714285714286
319,2025,2025-05-20 07:00:00,13.035714285714286,1.0,13.035714285714286
320,2025,2025-05-20 08:00:00,13.035714285714286,1.0,13.035714285714286
321,2025,2025-05-20 09:00:00,13.035714285714286,1.0,13.035714285714286
322,2025,2025-05-20 10:00:00,13.035714285714286,1.0,13.035714285714286
323,2025,2025-05-20 11:00:00,13.035714285714286,1.0,13.035714285714286
324,2025,2025-05-20 12:00:00,13.035714285714286,1.0,13.035714285714286
325,2025,2025-05-20 13:00:00,13.035714285714286,1.0,13.035714285714286
326,2025,2025-05-20 14:00:00,13.035714285714286,1.0,13.035714285714286
327,2025,2025-05-20 15:00:00,13.035714285714286,1.0,13.035714285714286
328,2025,2025-05-20 16:00:00,13.035714285714286,1.0,13.035714285714286
329,2025,2025-05-20 17:00:00,13.035714285714286,1.0,13.035714285714286
330,2025,2025-05-20 18:00:00,13.035714285714286,1.0,13.035714285714286
331,2025,2025-05-20 19:00:00,13.035714285714286,1.0,13.035714285714286
332,2025,2025-05-20 20:00:00,13.035714285714286,1.0,13.035714285714286
333,2025,2025-05-20 21:00:00,13.035714285714286,1.0,13.035714285714286
334,2025,2025-05-20 22:00:00,13.035714285714286,1.0,13.035714285714286
335,2025,2025-05-20 23:00:00,13.035714285714286,1.0,13.035714285714286
336,2025,2025-08-22 00:00:00,13.035714285714286,1.0,13.035714285714286
337,2025,2025-08-22 01:00:00,13.035714285714286,1.0,13.035714285714286
338,2025,2025-08-22 02:00:00,13.035714285714286,1.0,13.035714285714286
339,2025,2025-08-22 03:00:00,13.035714285714286,1.0,13.035714285714286
340,2025,2025-08-22 04:00:00,13.035714285714286,1.0,13.035714285714286
341,2025,2025-08-22 05:00:00,13.035714285714286,1.0,13.035714285714286
342,2025,2025-08-22 06:00:00,13.035714285714286,1.0,13.035714285714286
343,2025,2025-08-22 07:00:00,13.035714285714286,1.0,13.035714285714286
344,2025,2025-08-22 08:00:00,13.035714285714286,1.0,13.035714285714286
345,2025,2025-08-22 09:00:00,13.035714285714286,1.0,13.035714285714286
346,2025,2025-08-22 10:00:00,13.035714285714286,1.0,13.035714285714286
347,2025,2025-08-22 11:00:00,13.035714285714286,1.0,13.035714285714286
348,2025,2025-08-22 12:00:00,13.035714285714286,1.0,13.035714285714286
349,2025,2025-08-22 13:00:00,13.035714285714286,1.0,13.035714285714286
350,2025,2025-08-22 14:00:00,13.035714285714286,1.0,13.035714285714286
351,2025,2025-08-22 15:00:00,13.035714285714286,1.0,13.035714285714286
352,2025,2025-08-22 16:00:00,13.035714285714286,1.0,13.035714285714286
353,2025,2025-08-22 17:00:00,13.035714285714286,1.0,13.035714285714286
354,2025,2025-08-22 18:00:00,13.035714285714286,1.0,13.035714285714286
355,2025,2025-08-22 19:00:00,13.035714285714286,1.0,13.035714285714286
356,2025,2025-08-22 20:00:00,13.035714285714286,1.0,13.035714285714286
357,2025,2025-08-22 21:00:00,13.035714285714286,1.0,13.035714285714286
358,2025,2025-08-22 22:00:00,13.035714285714286,1.0,13.035714285714286
359,2025,2025-08-22 23:00:00,13.035714285714286,1.0,13.035714285714286
360,2025,2025-08-23 00:00:00,13.035714285714286,1.0,13.035714285714286
361,2025,2025-08-23 01:00:00,13.035714285714286,1.0,13.035714285714286
362,2025,2025-08-23 02:00:00,13.035714285714286,1.0,13.035714285714286
363,2025,2025-08-23 03:00:00,13.035714285714286,1.0,13.035714285714286
364,2025,2025-08-23 04:00:00,13.035714285714286,1.0,13.035714285714286
365,2025,2025-08-23 05:00:00,13.035714285714286,1.0,13.035714285714286
366,2025,2025-08-23 06:00:00,13.035714285714286,1.0,13.035714285714286
367,2025,2025-08-23 07:00:00,13.035714285714286,1.0,13.035714285714286
368,2025,2025-08-23 08:00:00,13.035714285714286,1.0,13.035714285714286
369,2025,2025-08-23 09:00:00,13.035714285714286,1.0,13.035714285714286
370,2025,2025-08-23 10:00:00,13.035714285714286,1.0,13.035714285714286
371,2025,2025-08-23 11:00:00,13.035714285714286,1.0,13.035714285714286
372,2025,2025-08-23 12:00:00,13.035714285714286,1.0,13.035714285714286
373,2025,2025-08-23 13:00:00,13.035714285714286,1.0,13.035714285714286
374,2025,2025-08-23 14:00:00,13.035714285714286,1.0,13.035714285714286
375,2025,2025-08-23 15:00:00,13.035714285714286,1.0,13.035714285714286
376,2025,2025-08-23 16:00:00,13.035714285714286,1.0,13.035714285714286
377,2025,2025-08-23 17:00:00,13.035714285714286,1.0,13.035714285714286
378,2025,2025-08-23 18:00:00,13.035714285714286,1.0,13.035714285714286
379,2025,2025-08-23 19:00:00,13.035714285714286,1.0,13.035714285714286
380,2025,2025-08-23 20:00:00,13.035714285714286,1.0,13.035714285714286
381,2025,2025-08-23 21:00:00,13.035714285714286,1.0,13.035714285714286
382,2025,2025-08-23 22:00:00,13.035714285714286,1.0,13.035714285714286
383,2025,2025-08-23 23:00:00,13.035714285714286,1.0,13.035714285714286
384,2025,2025-08-24 00:00:00,13.035714285714286,1.0,13.035714285714286
385,2025,2025-08-24 01:00:00,13.035714285714286,1.0,13.035714285714286
386,2025,2025-08-24 02:00:00,13.035714285714286,1.0,13.035714285714286
387,2025,2025-08-24 03:00:00,13.035714285714286,1.0,13.035714285714286
388,2025,2025-08-24 04:00:00,13.035714285714286,1.0,13.035714285714286
389,2025,2025-08-24 05:00:00,13.035714285714286,1.0,13.035714285714286
390,2025,2025-08-24 06:00:00,13.035714285714286,1.0,13.035714285714286
391,2025,2025-08-24 07:00:00,13.035714285714286,1.0,13.035714285714286
392,2025,2025-08-24 08:00:00,13.035714285714286,1.0,13.035714285714286
393,2025,2025-08-24 09:00:00,13.035714285714286,1.0,13.035714285714286
394,2025,2025-08-24 10:00:00,13.035714285714286,1.0,13.035714285714286
395,2025,2025-08-24 11:00:00,13.035714285714286,1.0,13.035714285714286
396,2025,2025-08-24 12:00:00,13.035714285714286,1.0,13.035714285714286
397,2025,2025-08-24 13:00:00,13.035714285714286,1.0,13.035714285714286
398,2025,2025-08-24 14:00:00,13.035714285714286,1.0,13.035714285714286
399,2025,2025-08-24 15:00:00,13.035714285714286,1.0,13.035714285714286
400,2025,2025-08-24 16:00:00,13.035714285714286,1.0,13.035714285714286
401,2025,2025-08-24 17:00:00,13.035714285714286,1.0,13.035714285714286
402,2025,2025-08-24 18:00:00,13.035714285714286,1.0,13.035714285714286
403,2025,2025-08-24 19:00:00,13.035714285714286,1.0,13.035714285714286
404,2025,2025-08-24 20:00:00,13.035714285714286,1.0,13.035714285714286
405,2025,2025-08-24 21:00:00,13.035714285714286,1.0,13.035714285714286
406,2025,2025-08-24 22:00:00,13.035714285714286,1.0,13.035714285714286
407,2025,2025-08-24 23:00:00,13.035714285714286,1.0,13.035714285714286
408,2025,2025-08-25 00:00:00,13.035714285714286,1.0,13.035714285714286
409,2025,2025-08-25 01:00:00,13.035714285714286,1.0,13.035714285714286
410,2025,2025-08-25 02:00:00,13.035714285714286,1.0,13.035714285714286
411,2025,2025-08-25 03:00:00,13.035714285714286,1.0,13.035714285714286
412,2025,2025-08-25 04:00:00,13.035714285714286,1.0,13.035714285714286
413,2025,2025-08-25 05:00:00,13.035714285714286,1.0,13.035714285714286
414,2025,2025-08-25 06:00:00,13.035714285714286,1.0,13.035714285714286
415,2025,2025-08-25 07:00:00,13.035714285714286,1.0,13.035714285714286
416,2025,2025-08-25 08:00:00,13.035714285714286,1.0,13.035714285714286
417,2025,2025-08-25 09:00:00,13.035714285714286,1.0,13.035714285714286
418,2025,2025-08-25 10:00:00,13.035714285714286,1.0,13.035714285714286
419,2025,2025-08-25 11:00:00,13.035714285714286,1.0,13.035714285714286
420,2025,2025-08-25 12:00:00,13.035714285714286,1.0,13.035714285714286
421,2025,2025-08-25 13:00:00,13.035714285714286,1.0,13.035714285714286
422,2025,2025-08-25 14:00:00,13.035714285714286,1.0,13.035714285714286
423,2025,2025-08-25 15:00:00,13.035714285714286,1.0,13.035714285714286
424,2025,2025-08-25 16:00:00,13.035714285714286,1.0,13.035714285714286
425,2025,2025-08-25 17:00:00,13.035714285714286,1.0,13.035714285714286
426,2025,2025-08-25 18:00:00,13.035714285714286,1.0,13.035714285714286
427,2025,2025-08-25 19:00:00,13.035714285714286,1.0,13.035714285714286
428,2025,2025-08-25 20:00:00,13.035714285714286,1.0,13.035714285714286
429,2025,2025-08-25 21:00:00,13.035714285714286,1.0,13.035714285714286
430,2025,2025-08-25 22:00:00,13.035714285714286,1.0,13.035714285714286
431,2025,2025-08-25 23:00:00,13.035714285714286,1.0,13.035714285714286
432,2025,2025-08-26 00:00:00,13.035714285714286,1.0,13.035714285714286
433,2025,2025-08-26 01:00:00,13.035714285714286,1.0,13.035714285714286
434,2025,2025-08-26 02:00:00,13.035714285714286,1.0,13.035714285714286
435,2025,2025-08-26 03:00:00,13.035714285714286,1.0,13.035714285714286
436,2025,2025-08-26 04:00:00,13.035714285714286,1.0,13.035714285714286
437,2025,2025-08-26 05:00:00,13.035714285714286,1.0,13.035714285714286
438,2025,2025-08-26 06:00:00,13.035714285714286,1.0,13.035714285714286
439,2025,2025-08-26 07:00:00,13.035714285714286,1.0,13.035714285714286
440,2025,2025-08-26 08:00:00,13.035714285714286,1.0,13.035714285714286
441,2025,2025-08-26 09:00:00,13.035714285714286,1.0,13.035714285714286
442,2025,2025-08-26 10:00:00,13.035714285714286,1.0,13.035714285714286
443,2025,2025-08-26 11:00:00,13.035714285714286,1.0,13.035714285714286
444,2025,2025-08-26 12:00:00,13.035714285714286,1.0,13.035714285714286
445,2025,2025-08-26 13:00:00,13.035714285714286,1.0,13.035714285714286
446,2025,2025-08-26 14:00:00,13.035714285714286,1.0,13.035714285714286
447,2025,2025-08-26 15:00:00,13.035714285714286,1.0,13.035714285714286
448,2025,2025-08-26 16:00:00,13.035714285714286,1.0,13.035714285714286
449,2025,2025-08-26 17:00:00,13.035714285714286,1.0,13.035714285714286
450,2025,2025-08-26 18:00:00,13.035714285714286,1.0,13.035714285714286
451,2025,2025-08-26 19:00:00,13.035714285714286,1.0,13.035714285714286
452,2025,2025-08-26 20:00:00,13.035714285714286,1.0,13.035714285714286
453,2025,2025-08-26 21:00:00,13.035714285714286,1.0,13.035714285714286
454,2025,2025-08-26 22:00:00,13.035714285714286,1.0,13.035714285714286
455,2025,2025-08-26 23:00:00,13.035714285714286,1.0,13.035714285714286
456,2025,2025-08-27 00:00:00,13.035714285714286,1.0,13.035714285714286
457,2025,2025-08-27 01:00:00,13.035714285714286,1.0,13.035714285714286
458,2025,2025-08-27 02:00:00,13.035714285714286,1.0,13.035714285714286
459,2025,2025-08-27 03:00:00,13.035714285714286,1.0,13.035714285714286
460,2025,2025-08-27 04:00:00,13.035714285714286,1.0,13.035714285714286
461,2025,2025-08-27 05:00:00,13.035714285714286,1.0,13.035714285714286
462,2025,2025-08-27 06:00:00,13.035714285714286,1.0,13.035714285714286
463,2025,2025-08-27 07:00:00,13.035714285714286,1.0,13.035714285714286
464,2025,2025-08-27 08:00:00,13.035714285714286,1.0,13.035714285714286
465,2025,2025-08-27 09:00:00,13.035714285714286,1.0,13.035714285714286
466,2025,2025-08-27 10:00:00,13.035714285714286,1.0,13.035714285714286
467,2025,2025-08-27 11:00:00,13.035714285714286,1.0,13.035714285714286
468,2025,2025-08-27 12:00:00,13.035714285714286,1.0,13.035714285714286
469,2025,2025-08-27 13:00:00,13.035714285714286,1.0,13.035714285714286
470,2025,2025-08-27 14:00:00,13.035714285714286,1.0,13.035714285714286
471,2025,2025-08-27 15:00:00,13.035714285714286,1.0,13.035714285714286
472,2025,2025-08-27 16:00:00,13.035714285714286,1.0,13.035714285714286
473,2025,2025-08-27 17:00:00,13.035714285714286,1.0,13.035714285714286
474,2025,2025-08-27 18:00:00,13.035714285714286,1.0,13.035714285714286
475,2025,2025-08-27 19:00:00,13.035714285714286,1.0,13.035714285714286
476,2025,2025-08-27 20:00:00,13.035714285714286,1.0,13.035714285714286
477,2025,2025-08-27 21:00:00,13.035714285714286,1.0,13.035714285714286
478,2025,2025-08-27 22:00:00,13.035714285714286,1.0,13.035714285714286
479,2025,2025-08-27 23:00:00,13.035714285714286,1.0,13.035714285714286
480,2025,2025-08-28 00:00:00,13.035714285714286,1.0,13.035714285714286
481,2025,2025-08-28 01:00:00,13.035714285714286,1.0,13.035714285714286
482,2025,2025-08-28 02:00:00,13.035714285714286,1.0,13.035714285714286
483,2025,2025-08-28 03:00:00,13.035714285714286,1.0,13.035714285714286
484,2025,2025-08-28 04:00:00,13.035714285714286,1.0,13.035714285714286
485,2025,2025-08-28 05:00:00,13.035714285714286,1.0,13.035714285714286
486,2025,2025-08-28 06:00:00,13.035714285714286,1.0,13.035714285714286
487,2025,2025-08-28 07:00:00,13.035714285714286,1.0,13.035714285714286
488,2025,2025-08-28 08:00:00,13.035714285714286,1.0,13.035714285714286
489,2025,2025-08-28 09:00:00,13.035714285714286,1.0,13.035714285714286
490,2025,2025-08-28 10:00:00,13.035714285714286,1.0,13.035714285714286
491,2025,2025-08-28 11:00:00,13.035714285714286,1.0,13.035714285714286
492,2025,2025-08-28 12:00:00,13.035714285714286,1.0,13.035714285714286
493,2025,2025-08-28 13:00:00,13.035714285714286,1.0,13.035714285714286
494,2025,2025-08-28 14:00:00,13.035714285714286,1.0,13.035714285714286
495,2025,2025-08-28 15:00:00,13.035714285714286,1.0,13.035714285714286
496,2025,2025-08-28 16:00:00,13.035714285714286,1.0,13.035714285714286
497,2025,2025-08-28 17:00:00,13.035714285714286,1.0,13.035714285714286
498,2025,2025-08-28 18:00:00,13.035714285714286,1.0,13.035714285714286
499,2025,2025-08-28 19:00:00,13.035714285714286,1.0,13.035714285714286
500,2025,2025-08-28 20:00:00,13.035714285714286,1.0,13.035714285714286
501,2025,2025-08-28 21:00:00,13.035714285714286,1.0,13.035714285714286
502,2025,2025-08-28 22:00:00,13.035714285714286,1.0,13.035714285714286
503,2025,2025-08-28 23:00:00,13.035714285714286,1.0,13.035714285714286
504,2025,2025-10-28 00:00:00,13.035714285714286,1.0,13.035714285714286
505,2025,2025-10-28 01:00:00,13.035714285714286,1.0,13.035714285714286
506,2025,2025-10-28 02:00:00,13.035714285714286,1.0,13.035714285714286
507,2025,2025-10-28 03:00:00,13.035714285714286,1.0,13.035714285714286
508,2025,2025-10-28 04:00:00,13.035714285714286,1.0,13.035714285714286
509,2025,2025-10-28 05:00:00,13.035714285714286,1.0,13.035714285714286
510,2025,2025-10-28 06:00:00,13.035714285714286,1.0,13.035714285714286
511,2025,2025-10-28 07:00:00,13.035714285714286,1.0,13.035714285714286
512,2025,2025-10-28 08:00:00,13.035714285714286,1.0,13.035714285714286
513,2025,2025-10-28 09:00:00,13.035714285714286,1.0,13.035714285714286
514,2025,2025-10-28 10:00:00,13.035714285714286,1.0,13.035714285714286
515,2025,2025-10-28 11:00:00,13.035714285714286,1.0,13.035714285714286
516,2025,2025-10-28 12:00:00,13.035714285714286,1.0,13.035714285714286
517,2025,2025-10-28 13:00:00,13.035714285714286,1.0,13.035714285714286
518,2025,2025-10-28 14:00:00,13.035714285714286,1.0,13.035714285714286
519,2025,2025-10-28 15:00:00,13.035714285714286,1.0,13.035714285714286
520,2025,2025-10-28 16:00:00,13.035714285714286,1.0,13.035714285714286
521,2025,2025-10-28 17:00:00,13.035714285714286,1.0,13.035714285714286
522,2025,2025-10-28 18:00:00,13.035714285714286,1.0,13.035714285714286
523,2025,2025-10-28 19:00:00,13.035714285714286,1.0,13.035714285714286
524,2025,2025-10-28 20:00:00,13.035714285714286,1.0,13.035714285714286
525,2025,2025-10-28 21:00:00,13.035714285714286,1.0,13.035714285714286
526,2025,2025-10-28 22:00:00,13.035714285714286,1.0,13.035714285714286
527,2025,2025-10-28 23:00:00,13.035714285714286,1.0,13.035714285714286
528,2025,2025-10-29 00:00:00,13.035714285714286,1.0,13.035714285714286
529,2025,2025-10-29 01:00:00,13.035714285714286,1.0,13.035714285714286
530,2025,2025-10-29 02:00:00,13.035714285714286,1.0,13.035714285714286
531,2025,2025-10-29 03:00:00,13.035714285714286,1.0,13.035714285714286
532,2025,2025-10-29 04:00:00,13.035714285714286,1.0,13.035714285714286
533,2025,2025-10-29 05:00:00,13.035714285714286,1.0,13.035714285714286
534,2025,2025-10-29 06:00:00,13.035714285714286,1.0,13.035714285714286
535,2025,2025-10-29 07:00:00,13.035714285714286,1.0,13.035714285714286
536,2025,2025-10-29 08:00:00,13.035714285714286,1.0,13.035714285714286
537,2025,2025-10-29 09:00:00,13.035714285714286,1.0,13.035714285714286
538,2025,2025-10-29 10:00:00,13.035714285714286,1.0,13.035714285714286
539,2025,2025-10-29 11:00:00,13.035714285714286,1.0,13.035714285714286
540,2025,2025-10-29 12:00:00,13.035714285714286,1.0,13.035714285714286
541,2025,2025-10-29 13:00:00,13.035714285714286,1.0,13.035714285714286
542,2025,2025-10-29 14:00:00,13.035714285714286,1.0,13.035714285714286
543,2025,2025-10-29 15:00:00,13.035714285714286,1.0,13.035714285714286
544,2025,2025-10-29 16:00:00,13.035714285714286,1.0,13.035714285714286
545,2025,2025-10-29 17:00:00,13.035714285714286,1.0,13.035714285714286
546,2025,2025-10-29 18:00:00,13.035714285714286,1.0,13.035714285714286
547,2025,2025-10-29 19:00:00,13.035714285714286,1.0,13.035714285714286
548,2025,2025-10-29 20:00:00,13.035714285714286,1.0,13.035714285714286
549,2025,2025-10-29 21:00:00,13.035714285714286,1.0,13.035714285714286
550,2025,2025-10-29 22:00:00,13.035714285714286,1.0,13.035714285714286
551,2025,2025-10-29 23:00:00,13.035714285714286,1.0,13.035714285714286
552,2025,2025-10-30 00:00:00,13.035714285714286,1.0,13.035714285714286
553,2025,2025-10-30 01:00:00,13.035714285714286,1.0,13.035714285714286
554,2025,2025-10-30 02:00:00,13.035714285714286,1.0,13.035714285714286
555,2025,2025-10-30 03:00:00,13.035714285714286,1.0,13.035714285714286
556,2025,2025-10-30 04:00:00,13.035714285714286,1.0,13.035714285714286
557,2025,2025-10-30 05:00:00,13.035714285714286,1.0,13.035714285714286
558,2025,2025-10-30 06:00:00,13.035714285714286,1.0,13.035714285714286
559,2025,2025-10-30 07:00:00,13.035714285714286,1.0,13.035714285714286
560,2025,2025-10-30 08:00:00,13.035714285714286,1.0,13.035714285714286
561,2025,2025-10-30 09:00:00,13.035714285714286,1.0,13.035714285714286
562,2025,2025-10-30 10:00:00,13.035714285714286,1.0,13.035714285714286
563,2025,2025-10-30 11:00:00,13.035714285714286,1.0,13.035714285714286
564,2025,2025-10-30 12:00:00,13.035714285714286,1.0,13.035714285714286
565,2025,2025-10-30 13:00:00,13.035714285714286,1.0,13.035714285714286
566,2025,2025-10-30 14:00:00,13.035714285714286,1.0,13.035714285714286
567,2025,2025-10-30 15:00:00,13.035714285714286,1.0,13.035714285714286
568,2025,2025-10-30 16:00:00,13.035714285714286,1.0,13.035714285714286
569,2025,2025-10-30 17:00:00,13.035714285714286,1.0,13.035714285714286
570,2025,2025-10-30 18:00:00,13.035714285714286,1.0,13.035714285714286
571,2025,2025-10-30 19:00:00,13.035714285714286,1.0,13.035714285714286
572,2025,2025-10-30 20:00:00,13.035714285714286,1.0,13.035714285714286
573,2025,2025-10-30 21:00:00,13.035714285714286,1.0,13.035714285714286
574,2025,2025-10-30 22:00:00,13.035714285714286,1.0,13.035714285714286
575,2025,2025-10-30 23:00:00,13.035714285714286,1.0,13.035714285714286
576,2025,2025-10-31 00:00:00,13.035714285714286,1.0,13.035714285714286
577,2025,2025-10-31 01:00:00,13.035714285714286,1.0,13.035714285714286
578,2025,2025-10-31 02:00:00,13.035714285714286,1.0,13.035714285714286
579,2025,2025-10-31 03:00:00,13.035714285714286,1.0,13.035714285714286
580,2025,2025-10-31 04:00:00,13.035714285714286,1.0,13.035714285714286
581,2025,2025-10-31 05:00:00,13.035714285714286,1.0,13.035714285714286
582,2025,2025-10-31 06:00:00,13.035714285714286,1.0,13.035714285714286
583,2025,2025-10-31 07:00:00,13.035714285714286,1.0,13.035714285714286
584,2025,2025-10-31 08:00:00,13.035714285714286,1.0,13.035714285714286
585,2025,2025-10-31 09:00:00,13.035714285714286,1.0,13.035714285714286
586,2025,2025-10-31 10:00:00,13.035714285714286,1.0,13.035714285714286
587,2025,2025-10-31 11:00:00,13.035714285714286,1.0,13.035714285714286
588,2025,2025-10-31 12:00:00,13.035714285714286,1.0,13.035714285714286
589,2025,2025-10-31 13:00:00,13.035714285714286,1.0,13.035714285714286
590,2025,2025-10-31 14:00:00,13.035714285714286,1.0,13.035714285714286
591,2025,2025-10-31 15:00:00,13.035714285714286,1.0,13.035714285714286
592,2025,2025-10-31 16:00:00,13.035714285714286,1.0,13.035714285714286
593,2025,2025-10-31 17:00:00,13.035714285714286,1.0,13.035714285714286
594,2025,2025-10-31 18:00:00,13.035714285714286,1.0,13.035714285714286
595,2025,2025-10-31 19:00:00,13.035714285714286,1.0,13.035714285714286
596,2025,2025-10-31 20:00:00,13.035714285714286,1.0,13.035714285714286
597,2025,2025-10-31 21:00:00,13.035714285714286,1.0,13.035714285714286
598,2025,2025-10-31 22:00:00,13.035714285714286,1.0,13.035714285714286
599,2025,2025-10-31 23:00:00,13.035714285714286,1.0,13.035714285714286
600,2025,2025-11-01 00:00:00,13.035714285714286,1.0,13.035714285714286
601,2025,2025-11-01 01:00:00,13.035714285714286,1.0,13.035714285714286
602,2025,2025-11-01 02:00:00,13.035714285714286,1.0,13.035714285714286
603,2025,2025-11-01 03:00:00,13.035714285714286,1.0,13.035714285714286
604,2025,2025-11-01 04:00:00,13.035714285714286,1.0,13.035714285714286
605,2025,2025-11-01 05:00:00,13.035714285714286,1.0,13.035714285714286
606,2025,2025-11-01 06:00:00,13.035714285714286,1.0,13.035714285714286
607,2025,2025-11-01 07:00:00,13.035714285714286,1.0,13.035714285714286
608,2025,2025-11-01 08:00:00,13.035714285714286,1.0,13.035714285714286
609,2025,2025-11-01 09:00:00,13.035714285714286,1.0,13.035714285714286
610,2025,2025-11-01 10:00:00,13.035714285714286,1.0,13.035714285714286
611,2025,2025-11-01 11:00:00,13.035714285714286,1.0,13.035714285714286
612,2025,2025-11-01 12:00:00,13.035714285714286,1.0,13.035714285714286
613,2025,2025-11-01 13:00:00,13.035714285714286,1.0,13.035714285714286
614,2025,2025-11-01 14:00:00,13.035714285714286,1.0,13.035714285714286
615,2025,2025-11-01 15:00:00,13.035714285714286,1.0,13.035714285714286
616,2025,2025-11-01 16:00:00,13.035714285714286,1.0,13.035714285714286
617,2025,2025-11-01 17:00:00,13.035714285714286,1.0,13.035714285714286
618,2025,2025-11-01 18:00:00,13.035714285714286,1.0,13.035714285714286
619,2025,2025-11-01 19:00:00,13.035714285714286,1.0,13.035714285714286
620,2025,2025-11-01 20:00:00,13.035714285714286,1.0,13.035714285714286
621,2025,2025-11-01 21:00:00,13.035714285714286,1.0,13.035714285714286
622,2025,2025-11-01 22:00:00,13.035714285714286,1.0,13.035714285714286
623,2025,2025-11-01 23:00:00,13.035714285714286,1.0,13.035714285714286
624,2025,2025-11-02 00:00:00,13.035714285714286,1.0,13.035714285714286
625,2025,2025-11-02 01:00:00,13.035714285714286,1.0,13.035714285714286
626,2025,2025-11-02 02:00:00,13.035714285714286,1.0,13.035714285714286
627,2025,2025-11-02 03:00:00,13.035714285714286,1.0,13.035714285714286
628,2025,2025-11-02 04:00:00,13.035714285714286,1.0,13.035714285714286
629,2025,2025-11-02 05:00:00,13.035714285714286,1.0,13.035714285714286
630,2025,2025-11-02 06:00:00,13.035714285714286,1.0,13.035714285714286
631,2025,2025-11-02 07:00:00,13.035714285714286,1.0,13.035714285714286
632,2025,2025-11-02 08:00:00,13.035714285714286,1.0,13.035714285714286
633,2025,2025-11-02 09:00:00,13.035714285714286,1.0,13.035714285714286
634,2025,2025-11-02 10:00:00,13.035714285714286,1.0,13.035714285714286
635,2025,2025-11-02 11:00:00,13.035714285714286,1.0,13.035714285714286
636,2025,2025-11-02 12:00:00,13.035714285714286,1.0,13.035714285714286
637,2025,2025-11-02 13:00:00,13.035714285714286,1.0,13.035714285714286
638,2025,2025-11-02 14:00:00,13.035714285714286,1.0,13.035714285714286
639,2025,2025-11-02 15:00:00,13.035714285714286,1.0,13.035714285714286
640,2025,2025-11-02 16:00:00,13.035714285714286,1.0,13.035714285714286
641,2025,2025-11-02 17:00:00,13.035714285714286,1.0,13.035714285714286
642,2025,2025-11-02 18:00:00,13.035714285714286,1.0,13.035714285714286
643,2025,2025-11-02 19:00:00,13.035714285714286,1.0,13.035714285714286
644,2025,2025-11-02 20:00:00,13.035714285714286,1.0,13.035714285714286
645,2025,2025-11-02 21:00:00,13.035714285714286,1.0,13.035714285714286
646,2025,2025-11-02 22:00:00,13.035714285714286,1.0,13.035714285714286
647,2025,2025-11-02 23:00:00,13.035714285714286,1.0,13.035714285714286
648,2025,2025-11-03 00:00:00,13.035714285714286,1.0,13.035714285714286
649,2025,2025-11-03 01:00:00,13.035714285714286,1.0,13.035714285714286
650,2025,2025-11-03 02:00:00,13.035714285714286,1.0,13.035714285714286
651,2025,2025-11-03 03:00:00,13.035714285714286,1.0,13.035714285714286
652,2025,2025-11-03 04:00:00,13.035714285714286,1.0,13.035714285714286
653,2025,2025-11-03 05:00:00,13.035714285714286,1.0,13.035714285714286
654,2025,2025-11-03 06:00:00,13.035714285714286,1.0,13.035714285714286
655,2025,2025-11-03 07:00:00,13.035714285714286,1.0,13.035714285714286
656,2025,2025-11-03 08:00:00,13.035714285714286,1.0,13.035714285714286
657,2025,2025-11-03 09:00:00,13.035714285714286,1.0,13.035714285714286
658,2025,2025-11-03 10:00:00,13.035714285714286,1.0,13.035714285714286
659,2025,2025-11-03 11:00:00,13.035714285714286,1.0,13.035714285714286
660,2025,2025-11-03 12:00:00,13.035714285714286,1.0,13.035714285714286
661,2025,2025-11-03 13:00:00,13.035714285714286,1.0,13.035714285714286
662,2025,2025-11-03 14:00:00,13.035714285714286,1.0,13.035714285714286
663,2025,2025-11-03 15:00:00,13.035714285714286,1.0,13.035714285714286
664,2025,2025-11-03 16:00:00,13.035714285714286,1.0,13.035714285714286
665,2025,2025-11-03 17:00:00,13.035714285714286,1.0,13.035714285714286
666,2025,2025-11-03 18:00:00,13.035714285714286,1.0,13.035714285714286
667,2025,2025-11-03 19:00:00,13.035714285714286,1.0,13.035714285714286
668,2025,2025-11-03 20:00:00,13.035714285714286,1.0,13.035714285714286
669,2025,2025-11-03 21:00:00,13.035714285714286,1.0,13.035714285714286
670,2025,2025-11-03 22:00:00,13.035714285714286,1.0,13.035714285714286
671,2025,2025-11-03 23:00:00,13.035714285714286,1.0,13.035714285714286
